<?xml version="1.0" encoding="UTF-8" ?>
<extension type="package" version="1.6" method="upgrade">
	<name>Foundry Package</name>
	<author>Stack Ideas Sdn Bhd</author>
	<creationDate>7th October 2024</creationDate>
	<packagename>foundry</packagename>
	<license>GPL License</license>
	<version>1.1.19</version>
	<url>https://stackideas.com/</url>
	<packager>Stack Ideas Sdn Bhd</packager>
	<packagerurl>https://stackideas.com/</packagerurl>
	<scriptfile>pkg_foundry.php</scriptfile>
	<description>This package consists of a Foundry plugin and library that would automatically installed and enabled on your site</description>
	<files folder="packages">
		<file type="plugin" id="foundry" group="system">plg_sys_foundry.zip</file>
		<file type="library" id="foundry">lib_foundry.zip</file>
	</files>
	<updateservers>
		<server type="extension" priority="1" name="StackIdeas Modules and Plugins">https://stackideas.com/joomla4compat.xml</server>
	</updateservers>
</extension>
